json_path,field_name,section,category,type,units,range_or_enum,default,optional,gating,message_types,meaning,citation
data,data,12.1,envelope,object,n/a,n/a,Not specified in source,No,always in practice; see note,cmd_ack; health_event; leak_event; lifecycle; rules_event; snapshot; valve_event,"Type-specific payload container. Created and attached with UNCHECKED cJSON calls in every publisher, so an allocation failure yields a published envelope with NO data key.","main/telemetry/telemetry_v2.c:339+366 (lifecycle), :377+602 (snapshot), :613+627, :640+652, :665, :670, :684, :689, :703+716"
data.active_leak_count,active_leak_count,12.10,override_window,number,count,>= 0,Not specified in source,No,always in the valve-reconnect auto_close and in water_access_override_expired,rules_event,"How many sensors were simultaneously asserting a leak. Present ONLY in these two shapes, so the normal auto_close lacks it.","main/rules_engine/rules_engine.c:939, :1028"
data.auto_close_resumed,auto_close_resumed,12.10,override_window,bool,n/a,true | false,Not specified in source,No,always (water_access_override_expired only),rules_event,"Whether leaks were still active when the window expired, i.e. whether auto-close fired immediately on resume.",main/rules_engine/rules_engine.c:1026-1027
data.battery,battery,12.8,leak_event,number,percent,0..255 as emitted; sender intent 0..100,Not specified in source,Yes,"always (leak events, valve events); conditional in health alerts (OMITTED when 0xFF)",health_event; leak_event; valve_event,Battery of the peer the event is about. Note the health-alert variant omits the key when unknown while the leak/valve variants always emit it.,"main/telemetry/telemetry_v2.c:645 (leak), :619 (valve), main/health_engine/health_engine.c:595-597 (health, omit-on-0xFF)"
data.ble_leak_sensor_count,ble_leak_sensor_count,12.1,commission_summary,number,count,0..MAX_BLE_LEAK_SENSORS,Not specified in source,No,always (lifecycle only),lifecycle,How many BLE leak sensors are commissioned.,main/telemetry/telemetry_v2.c:353-356
data.ble_leak_sensors,ble_leak_sensors,12.5,ble_leak_sensor,array,n/a,array of objects,Not specified in source,No,always (snapshot only); empty array when none or health is unavailable,snapshot,"One entry per COMMISSIONED BLE leak sensor, driven by the health table.","main/telemetry/telemetry_v2.c:518, :571; iteration :520-570"
data.ble_leak_sensors[].battery,battery,12.8,ble_leak_sensor,number|null,percent,0..255 as emitted; header intent 0..100,Not specified in source,Yes,always present; explicit null when there is no live cache entry,snapshot,Battery from manufacturer-data byte 3 of the eleak advertisement.,"main/telemetry/telemetry_v2.c:553 (value), :561 (null); parse main/ble_leak_scanner/app_ble_leak.c:177"
data.ble_leak_sensors[].connected,connected,12.2,ble_leak_sensor,bool,n/a,true | false,Not specified in source,No,always for each element,snapshot,Heard within the BLE-leak health timeout. Also gates the cache merge below.,main/telemetry/telemetry_v2.c:526; merge gate :541
data.ble_leak_sensors[].fw_version,fw_version,12.4,ble_leak_sensor,string|null,n/a,"""M.m.p"", max 11 chars",Not specified in source,Yes,always present; explicit null when the cache has no version OR there is no cache entry,snapshot,"Sensor firmware version, built ONLY when the advertisement carries >= 7 bytes of manufacturer data. A 4-byte (older) payload leaves this permanently null.","main/telemetry/telemetry_v2.c:556-559 (string or null), :564 (null); parse gate main/ble_leak_scanner/app_ble_leak.c:180-185"
data.ble_leak_sensors[].last_seen_age_s,last_seen_age_s,12.2,ble_leak_sensor,number|null,seconds,>= 0 when a number,Not specified in source,Yes,always present; explicit null when UINT32_MAX (never heard),snapshot,Seconds since this sensor's last advertisement was accepted.,main/telemetry/telemetry_v2.c:530-535
data.ble_leak_sensors[].leak_state,leak_state,12.5,ble_leak_sensor,bool,n/a,true | false,Not specified in source,Yes,always present; hard-coded false (NOT null) when there is no live cache entry,snapshot,"Leak flag from manufacturer-data byte 2, tested != 0 (consistent with the BLE leak event, unlike the LoRa path).","main/telemetry/telemetry_v2.c:554 (value), :562 (placeholder false); parse main/ble_leak_scanner/app_ble_leak.c:176-178"
data.ble_leak_sensors[].location,location,12.5,ble_leak_sensor,object,n/a,n/a,Not specified in source,Yes,always for each element (never omitted),snapshot,Installed-location metadata container.,main/telemetry/telemetry_v2.c:567 -> builder :143-153
data.ble_leak_sensors[].location.code,code,12.5,ble_leak_sensor,string,n/a,"enum, 13 values: unknown | bathroom | kitchen | laundry | garage | garden | basement | utility | hallway | bedroom | living_room | attic | outdoor",Not specified in source,No,always for each element,snapshot,"Machine-readable room code; ""unknown"" when no metadata is stored.",main/telemetry/telemetry_v2.c:148; table main/sensor_meta/sensor_meta.c:23-27
data.ble_leak_sensors[].location.label,label,12.5,ble_leak_sensor,string,n/a,"free text, max 31 chars",Not specified in source,No,"always for each element; """" when no metadata is stored",snapshot,User-entered free-text location label.,main/telemetry/telemetry_v2.c:151
data.ble_leak_sensors[].rating,rating,12.3,ble_leak_sensor,string,n/a,enum: excellent | good | warning | critical | unknown,Not specified in source,No,always for each element,snapshot,Health rating from timeout + battery + RSSI thresholds.,main/telemetry/telemetry_v2.c:527-528; compute main/health_engine/health_engine.c:115-143
data.ble_leak_sensors[].rssi,rssi,12.2,ble_leak_sensor,number|null,dBm,"int8_t, typically -100..-20",Not specified in source,Yes,always present; explicit null when there is no live cache entry,snapshot,Advertisement RSSI as reported by NimBLE (no narrowing bug on this path).,"main/telemetry/telemetry_v2.c:555 (value), :563 (null)"
data.ble_leak_sensors[].sensor_id,sensor_id,12.5,ble_leak_sensor,string,n/a,colon-separated MAC,Not specified in source,No,always for each element,snapshot,BLE leak sensor MAC as rendered by the health engine.,main/telemetry/telemetry_v2.c:525
data.category,category,12.3,system_health,string,n/a,"Fixed literal ""health""","""health""",No,always (health alert events only),health_event,Marks the event as coming from the health engine rather than the rules engine. Constant.,main/health_engine/health_engine.c:584
data.clear_after_seconds,clear_after_seconds,12.10,override_window,number,seconds,AUTO_CLEAR_TIMEOUT_MS / 1000,Not specified in source,No,always (rmleak_auto_cleared only),rules_event,The all-clear dwell time that had to elapse before the hub auto-cleared the RMLEAK interlock.,main/rules_engine/rules_engine.c:1083; constant main/rules_engine/rules_engine.c:18
data.cmd,cmd,12.9,command_ack,string,n/a,"free text, max 31 chars",Not specified in source,No,always (cmd_ack only),cmd_ack,"Echo of the command name being acked, taken verbatim from the inbound cmd field (so it may be an unrecognised name).",main/telemetry/telemetry_v2.c:707; source main/iothub/app_iothub.c:934
data.dev_type,dev_type,12.3,system_health,string,n/a,enum: valve | lora | ble_leak_sensor | unknown,Not specified in source,No,always (health alert events only),health_event,"Which kind of peer the health alert is about. CHANGED IN 1.8.0: was ""ble_leak"" at HEAD, now ""ble_leak_sensor"" to match leak-event source_type.","main/health_engine/health_engine.c:590; mapping :72-80 (git diff shows ""ble_leak"" at HEAD b62b25e)"
data.error,error,12.9,command_ack,object,n/a,n/a,Not specified in source,Yes,conditional: OMITTED on success or when no error message was supplied,cmd_ack,Failure detail container.,main/telemetry/telemetry_v2.c:709-713
data.error.code,code,12.9,command_ack,string,n/a,same value as data.cmd,Not specified in source,Yes,present whenever data.error is present,cmd_ack,The failing command's name (NOT a numeric or symbolic error code) — it is literally cmd_name again.,main/telemetry/telemetry_v2.c:711
data.error.detail,detail,12.9,command_ack,string,n/a,free text,Not specified in source,Yes,present whenever data.error is present,cmd_ack,"Human-readable, end-user-facing failure reason. Longest strings come from the override_enable rejection set.","main/telemetry/telemetry_v2.c:712; message set main/iothub/app_iothub.c:539-541, :679, :696, :708, :720, :832-845"
data.event,event,12.9,hub_runtime,string,n/a,"enum, 18 values: online | valve_state_changed | valve_flood_detected | valve_flood_cleared | leak_detected | leak_cleared | cmd_ack | auto_close | auto_close_blocked_override | auto_close_reenabled | rmleak_cleared | rmleak_auto_cleared | water_access_override_enabled | water_access_override_expired | device_offline | device_recovered | rules_engine | health_engine",Not specified in source,No,always in lifecycle and in every event shape; ABSENT in snapshot,cmd_ack; health_event; leak_event; lifecycle; rules_event; valve_event,Event discriminator inside data. The single most important routing key for the backend event log.,"main/telemetry/telemetry_v2.c:340 (""online""), :614, :641, :668, :687, :704; main/rules_engine/rules_engine.c:215, :333, :469, :678, :720, :934, :1025, :1082; main/health_engine/health_engine.c:587-588"
data.expires_ts,expires_ts,12.10,override_window,number,"seconds (Unix epoch, UTC)",>= 1704067200,Not specified in source,Yes,snapshot: OMITTED unless override_active AND the expiry is known/in-future. water_access_override_enabled event: always.,rules_event; snapshot,Absolute epoch at which the override window expires. Same field name and meaning on both message types.,main/telemetry/telemetry_v2.c:598-599; main/rules_engine/rules_engine.c:217
data.fw_version,fw_version,12.4,valve,string,n/a,"free text, max 31 chars",Not specified in source,Yes,conditional: OMITTED when the valve DIS read failed (NO null variant here),valve_event,"Valve firmware revision inside a valve event. Note the different absence convention from data.valve.fw_version, which uses an explicit null.",main/telemetry/telemetry_v2.c:623-625 vs main/telemetry/telemetry_v2.c:436-440
data.id,id,12.9,command_ack,string,n/a,"free text, max 63 chars",Not specified in source,Yes,"conditional: OMITTED when the inbound command carried no correlation id (NOT """")",cmd_ack,Echo of the inbound command's correlation id so the app can match the ack to its request. C2D_COMMANDS.md:127 claims an empty string here; the source omits the key.,main/telemetry/telemetry_v2.c:705-706
data.leak_state,leak_state,12.5,leak_event,bool,n/a,true | false,Not specified in source,No,always (leak events and valve events),leak_event; valve_event,Leak asserted or cleared at the moment of the event.,"main/telemetry/telemetry_v2.c:644 (leak events), :620 (valve events)"
data.location,location,12.5,leak_event,object,n/a,n/a,Not specified in source,Yes,leak events: ALWAYS. auto_close: OMITTED when the source is valve_flood or no metadata is stored.,leak_event; rules_event,Installed-location metadata for the sensor that raised the event. TWO DIFFERENT ABSENCE CONVENTIONS on the same path depending on the producer.,always-emit main/telemetry/telemetry_v2.c:650 -> :143-153; omit-when-unknown main/rules_engine/rules_engine.c:338-349
data.location.code,code,12.5,leak_event,string,n/a,"enum, 13 values: unknown | bathroom | kitchen | laundry | garage | garden | basement | utility | hallway | bedroom | living_room | attic | outdoor",Not specified in source,Yes,present whenever data.location is present,leak_event; rules_event,Machine-readable room code.,main/telemetry/telemetry_v2.c:148; main/rules_engine/rules_engine.c:344; table main/sensor_meta/sensor_meta.c:23-27
data.location.label,label,12.5,leak_event,string,n/a,"free text, max 31 chars",Not specified in source,Yes,present whenever data.location is present,leak_event; rules_event,User-entered free-text location label.,main/telemetry/telemetry_v2.c:151; main/rules_engine/rules_engine.c:346
data.lora_sensor_count,lora_sensor_count,12.1,commission_summary,number,count,0..MAX_LORA_SENSORS,Not specified in source,No,always (lifecycle only),lifecycle,How many LoRa leak sensors are commissioned.,main/telemetry/telemetry_v2.c:348-351
data.lora_sensors,lora_sensors,12.5,lora_sensor,array,n/a,array of objects,Not specified in source,No,always (snapshot only); empty array when no LoRa sensors or health is unavailable,snapshot,"One entry per COMMISSIONED LoRa leak sensor, driven by the health table (not the radio cache).","main/telemetry/telemetry_v2.c:461, :515; iteration :463-514"
data.lora_sensors[].battery,battery,12.8,lora_sensor,number|null,percent,0..255 as emitted; sender intent 0..100,Not specified in source,Yes,always present; explicit null when there is no live cache entry,snapshot,Battery from the decrypted LoRa frame.,"main/telemetry/telemetry_v2.c:499 (value), :505 (null)"
data.lora_sensors[].connected,connected,12.2,lora_sensor,bool,n/a,true | false,Not specified in source,No,always for each element,snapshot,Heard within the LoRa health timeout. Also gates whether the cached radio values below are merged at all.,main/telemetry/telemetry_v2.c:469; merge gate :485
data.lora_sensors[].last_seen_age_s,last_seen_age_s,12.2,lora_sensor,number|null,seconds,>= 0 when a number,Not specified in source,Yes,always present; explicit null when UINT32_MAX (never heard),snapshot,Seconds since this sensor last checked in.,main/telemetry/telemetry_v2.c:473-478
data.lora_sensors[].leak_state,leak_state,12.5,lora_sensor,bool,n/a,true | false,Not specified in source,Yes,always present; hard-coded false (NOT null) when there is no live cache entry,snapshot,"Leak flag. DERIVED WITH A DIFFERENT TEST from the leak event: the snapshot uses leak_status == 1 while the event uses leak_status != 0, so a sensor reporting 2 would auto-close the valve yet read leak_state:false in every snapshot.",main/telemetry/telemetry_v2.c:500-501 (== 1) vs main/iothub/app_iothub.c:1750 (!= 0); no-cache placeholder :506
data.lora_sensors[].location,location,12.5,lora_sensor,object,n/a,n/a,Not specified in source,Yes,always for each element (never omitted),snapshot,"Installed-location metadata container. ALWAYS emitted here, unlike the omit-when-unknown convention used by the rules engine's auto_close event.",main/telemetry/telemetry_v2.c:511 -> builder :143-153
data.lora_sensors[].location.code,code,12.5,lora_sensor,string,n/a,"enum, 13 values: unknown | bathroom | kitchen | laundry | garage | garden | basement | utility | hallway | bedroom | living_room | attic | outdoor",Not specified in source,No,always for each element,snapshot,"Machine-readable room code from the sensor_meta table; ""unknown"" when no metadata is stored.",main/telemetry/telemetry_v2.c:148; table main/sensor_meta/sensor_meta.c:23-27
data.lora_sensors[].location.label,label,12.5,lora_sensor,string,n/a,"free text, max 31 chars",Not specified in source,No,"always for each element; """" when no metadata is stored",snapshot,User-entered free-text location label.,main/telemetry/telemetry_v2.c:151; max main/sensor_meta/sensor_meta.h:12
data.lora_sensors[].rating,rating,12.3,lora_sensor,string,n/a,enum: excellent | good | warning | critical | unknown,Not specified in source,No,always for each element,snapshot,Health rating from timeout + battery + RSSI thresholds.,main/telemetry/telemetry_v2.c:470-471; compute main/health_engine/health_engine.c:115-143
data.lora_sensors[].rssi,rssi,12.2,lora_sensor,number|null,dBm,int8_t: -128..127 (negative is normal; 67..127 indicates a wrapped value),Not specified in source,Yes,always present; explicit null when there is no live cache entry,snapshot,"Received signal strength of the last LoRa frame. Can be POSITIVE (67..127) because the SX127x driver's int result is narrowed to int8_t, wrapping any true RSSI below -128 dBm.","main/telemetry/telemetry_v2.c:502 (value), :507 (null); narrowing main/app_lora/app_lora.cpp:274; computation main/app_lora/lora.cpp:387-412"
data.lora_sensors[].sensor_id,sensor_id,12.5,lora_sensor,string,n/a,"""0x"" + 8 uppercase hex, e.g. 0x754A6237",Not specified in source,No,always for each element,snapshot,LoRa sensor id as rendered by the health engine.,main/telemetry/telemetry_v2.c:468
data.lora_sensors[].snr,snr,12.5,lora_sensor,number|null,dB,-32.00..+31.75 in 0.25 steps,Not specified in source,Yes,always present; explicit null when there is no live cache entry,snapshot,"LoRa signal-to-noise ratio. The ONLY non-integer number on the whole wire: quarter-dB steps, serialized bare (e.g. 9) when integral and as 9.25 / 9.5 / 9.75 otherwise.","main/telemetry/telemetry_v2.c:503 (value), :508 (null); source main/app_lora/lora.cpp:417-422; encoding [EXTERNAL] $IDF_PATH/components/json/cJSON/cJSON.c:611-625"
data.offline_duration_s,offline_duration_s,12.3,system_health,number,seconds,>= 1 when present,Not specified in source,Yes,conditional: OMITTED when the value is 0,health_event,How long the device had been unheard. Omitted (not zero) when unknown.,main/health_engine/health_engine.c:601-603
data.override_active,override_active,12.10,override_window,bool,n/a,true | false,Not specified in source,No,always (snapshot only),snapshot,Is the 24 h water-access override window open (auto-close suppressed).,main/telemetry/telemetry_v2.c:594
data.override_cancelled,override_cancelled,12.10,override_window,bool,n/a,always true when present,true when present,Yes,conditional: OMITTED when no override window was open,rules_event,A leak_reset also tore down an open override window.,main/rules_engine/rules_engine.c:679-681
data.override_remaining_s,override_remaining_s,12.10,override_window,number,seconds,>= 0 when present,Not specified in source,Yes,snapshot: OMITTED unless override_active AND remaining >= 0. auto_close_blocked_override event: OMITTED when remaining < 0.,rules_event; snapshot,"Seconds left in the override window. Reports the FULL window duration when the clock is unsynced, and 0 when expired but not yet processed by the rules tick.",main/telemetry/telemetry_v2.c:595-597; main/rules_engine/rules_engine.c:472-474; semantics main/rules_engine/rules_engine.c:1187-1200
data.prev_rating,prev_rating,12.3,system_health,string,n/a,enum: excellent | good | warning | critical | unknown,Not specified in source,No,always (health alert events only),health_event,"The device's rating immediately before the transition, so the backend can tell degradation from recovery.",main/health_engine/health_engine.c:593
data.previous_remaining_s,previous_remaining_s,12.10,override_window,number,seconds,>= 0,Not specified in source,No,always (auto_close_reenabled only),rules_event,How much of the override window was discarded when it was cancelled early.,main/rules_engine/rules_engine.c:721; value returned by cancel_override_window() at :715
data.provisioned,provisioned,12.1,hub_runtime,bool,n/a,true | false,Not specified in source,No,always (lifecycle only),lifecycle,"Whether the hub currently has a commissioning record. Note: the whole publish path is gated on provisioned, so in practice only true is ever observed here.",main/iothub/app_iothub.c:1674-1688 gate; field main/telemetry/telemetry_v2.c:342
data.rating,rating,12.3,system_health,string,n/a,enum: excellent | good | warning | critical | unknown,Not specified in source,No,always (health alert events only),health_event,The device's NEW health rating that triggered the alert.,main/health_engine/health_engine.c:592; mapping :57-66
data.raw,raw,12.12,envelope,string,n/a,n/a,Not specified in source,Yes,conditional: OMITTED unless cJSON_Parse of the engine JSON fails,health_event; rules_event,"Verbatim rules-/health-engine JSON string, emitted only when re-parsing that string fails. The string was itself produced by cJSON_PrintUnformatted, so this is reachable only on allocation failure.","main/telemetry/telemetry_v2.c:669 (rules), :688 (health); guarded by :662, :682"
data.reason,reason,12.10,hub_runtime,string,n/a,"enum, 7 values total. snapshot: heartbeat | event | commission | boot | fast | decommission. rules event: c2d_command",Not specified in source,Yes,snapshot: always in practice; rules event: always,rules_event; snapshot,TWO DISTINCT MEANINGS ON ONE PATH. In a snapshot it is the trigger that caused the snapshot. In the auto_close_reenabled rules event it is the cause of the override cancellation.,snapshot main/telemetry/telemetry_v2.c:383 with main/iothub/app_iothub.c:581-591 and :1570; rules event main/rules_engine/rules_engine.c:722
data.remaining_s,remaining_s,12.10,override_window,number,seconds,86400 in a production build (compile-overridable via -D OVERRIDE_WINDOW_DURATION_S),Not specified in source,No,always (water_access_override_enabled only),rules_event,"Full override window duration at the moment the window was started or refreshed. A CONSTANT, not a countdown; the countdown is override_remaining_s.",main/rules_engine/rules_engine.c:218; constant main/rules_engine/rules_engine.c:28-30
data.reset_reason,reset_reason,12.3,hub_runtime,string,n/a,enum: power_on | software | panic | watchdog | brownout | deep_sleep | unknown,Not specified in source,No,always (lifecycle only),lifecycle,"Why the hub last rebooted. Lossy: it collapses the 16-member esp_reset_reason_t onto 7 strings, so 9 causes (including an external-pin reset) all report ""unknown"".",main/telemetry/telemetry_v2.c:341; mapping :128-141
data.rmleak,rmleak,12.6,valve,bool,n/a,true | false,Not specified in source,No,always (valve events only),valve_event,Valve remote-leak interlock latch at the moment of a valve event.,main/telemetry/telemetry_v2.c:621
data.rmleak_asserted,rmleak_asserted,12.10,override_window,bool,n/a,always true when present,true when present,No,always (auto_close events only),rules_event,Confirms the hub asserted the valve's RMLEAK interlock as part of the auto-close. Hardcoded true at both sites.,"main/rules_engine/rules_engine.c:336, :938"
data.rssi,rssi,12.2,leak_event,number,dBm,"int8_t: -128..127 (LoRa values may be wrapped positive, see lora_sensors[].rssi)",Not specified in source,Yes,always (leak events); conditional in health alerts (OMITTED when 0),health_event; leak_event,"Signal strength of the reporting peer. In a health alert the key is omitted when 0, and the valve NEVER has an RSSI recorded, so a valve health alert never carries this field.","main/telemetry/telemetry_v2.c:646; main/health_engine/health_engine.c:598-600; valve never sets last_rssi (main/health_engine/health_engine.c:249, :267 are the only writers)"
data.rules,rules,12.4,rules_config,object,n/a,n/a,Not specified in source,Yes,conditional: OMITTED if provisioning_get_rules_config() fails (mutex timeout / not initialised),lifecycle; snapshot,Global auto-close configuration container. Byte-identical shape in lifecycle and snapshot so the backend reuses one parser.,"main/telemetry/telemetry_v2.c:363 (lifecycle), :582 (snapshot); guard main/provisioning_manager/provisioning_manager.c:977-990"
data.rules.auto_close_enabled,auto_close_enabled,12.4,rules_config,bool,n/a,true | false,Not specified in source,Yes,present whenever data.rules is present,lifecycle; snapshot,Master switch: does a leak automatically close the valve.,"main/telemetry/telemetry_v2.c:361, :580"
data.rules.trigger_mask,trigger_mask,12.4,rules_config,number,bitmask,0..255 on the wire (only bits 0-2 are interpreted),Not specified in source,Yes,present whenever data.rules is present,lifecycle; snapshot,"Which leak sources may trigger auto-close. bit0=BLE leak, bit1=LoRa, bit2=valve flood. NOTHING masks or validates the inbound value, so the emitted range is 0..255, not 0..7.","main/telemetry/telemetry_v2.c:362, :581; bits main/provisioning_manager/provisioning_manager.h:22-25; unmasked cast main/rules_engine/rules_engine.c:562 and main/provisioning_manager/provisioning_manager.c:486"
data.sensor_id,sensor_id,12.5,leak_event,string,n/a,"""0x""+8hex | colon MAC | ""valve"" | ""unknown""",Not specified in source,No,"always in leak events, auto_close, auto_close_blocked_override and health alerts",health_event; leak_event; rules_event,"Identifies the sensor. LoRa uses 0x+8hex, BLE uses a colon MAC, the valve's own flood sensor uses the literal ""valve"", and an unresolved id becomes ""unknown"".","main/telemetry/telemetry_v2.c:643; main/rules_engine/rules_engine.c:335, :471, :936; main/health_engine/health_engine.c:591; ""valve"" literal main/iothub/app_iothub.c:1650"
data.source_type,source_type,12.5,leak_event,string,n/a,enum: lora | ble_leak_sensor | valve_flood | reconnect | unknown,Not specified in source,No,always in leak events and in the auto_close / auto_close_blocked_override rules events,leak_event; rules_event,"Which transport/peer class the leak came from. ""reconnect"" is a pseudo-source used only by the valve-reconnect auto_close.","main/telemetry/telemetry_v2.c:642 (leak events, ""lora"" | ""ble_leak_sensor"" from main/iothub/app_iothub.c:1749, :1809); main/rules_engine/rules_engine.c:334, :470 via source_to_str main/rules_engine/rules_engine.c:259-267; reconnect variant main/rules_engine/rules_engine.c:935"
data.status,status,12.9,command_ack,string,n/a,enum: ok | error,Not specified in source,No,always (cmd_ack only),cmd_ack,Did the command succeed.,main/telemetry/telemetry_v2.c:708
data.system_health,system_health,12.3,system_health,object,n/a,n/a,Not specified in source,No,always (snapshot only),snapshot,Fleet roll-up container: the single worst device rating plus a human-readable cause.,"main/telemetry/telemetry_v2.c:392, :402"
data.system_health.rating,rating,12.3,system_health,string,n/a,enum: excellent | good | warning | critical | unknown,Not specified in source,No,always (snapshot only),snapshot,"Worst rating across all provisioned devices. Does NOT track leak state, so it can read ""excellent"" while the hub's fleet LED is RED for a valve flood.",main/telemetry/telemetry_v2.c:391-394; source main/health_engine/health_engine.c:57-66; LED asymmetry main/rgb/fleet_led.c:149-156
data.system_health.reason,reason,12.3,system_health,string,n/a,"free text, max 127 chars; ""All devices healthy"" when rating is excellent; ""Degraded"" fallback; ""Health data unavailable"" on a health mutex timeout",Not specified in source,No,always (snapshot only),snapshot,"Comma-joined human-readable cause list built from the devices sitting at the system rating. Free text intended for display, not parsing.","main/telemetry/telemetry_v2.c:395-401; builder :157-231; fallback ""Health data unavailable"" :399"
data.trigger,trigger,12.10,override_window,string,n/a,enum: button | c2d_command,Not specified in source,No,always (water_access_override_enabled only),rules_event,"What opened the override window: a physical long-press on the valve, or the override_enable C2D command.","main/rules_engine/rules_engine.c:216; callers :846 (""c2d_command""), :978 and :1128 (""button"")"
data.valve,valve,12.6,valve,object,n/a,n/a,Not specified in source,No,always (snapshot only),snapshot,Live valve state container. Always present even when the valve is disconnected.,"main/telemetry/telemetry_v2.c:405, :458"
data.valve.battery,battery,12.8,valve,number,percent,0..255 as emitted; header intent is 0..100,Not specified in source,Yes,conditional: OMITTED when the valve is disconnected,snapshot,"Valve battery from GATT byte 0. Reads 0 between CONNECTED and GATT-setup completion, indistinguishable from a genuinely flat battery.","main/telemetry/telemetry_v2.c:431; cache init main/ble_valve/app_ble_valve.c:134, reset :1209"
data.valve.connected,connected,12.2,valve,bool,n/a,true | false,Not specified in source,No,always (snapshot only),snapshot,Whether the valve GATT link is currently up. The authoritative liveness flag; there is NO valve_disconnected event.,"main/telemetry/telemetry_v2.c:434 (true), :443 (false)"
data.valve.fw_version,fw_version,12.4,valve,string|null,n/a,"free text, max 31 chars",Not specified in source,Yes,THREE-STATE: string when read; explicit null when connected but DIS read failed; key ABSENT when disconnected,snapshot,"Valve firmware revision from the BLE Device Information Service, copied verbatim with no format validation.","main/telemetry/telemetry_v2.c:436-440 (string or null), and absent via the :441 else-branch"
data.valve.last_seen_age_s,last_seen_age_s,12.2,valve,number|null,seconds,>= 0 when a number,Not specified in source,Yes,THREE-STATE: number when known; explicit null when UINT32_MAX (never seen); key ABSENT when the valve has no health record,snapshot,Seconds since the valve was last heard from.,main/telemetry/telemetry_v2.c:450-455
data.valve.leak_state,leak_state,12.6,valve,bool,n/a,true | false,Not specified in source,Yes,conditional: OMITTED when the valve is disconnected,snapshot,"Water detected AT THE VALVE body (its own flood sensor), distinct from the remote leak sensors.",main/telemetry/telemetry_v2.c:432; source main/ble_valve/app_ble_valve.c:474 (data[0] != 0)
data.valve.mac,mac,12.1,valve,string,n/a,colon-separated MAC,Not specified in source,Yes,conditional: OMITTED when neither the live BLE link nor a health record has a MAC,snapshot,"Valve BLE MAC. Prefers the live link, falls back to the provisioned health record so a disconnected valve still identifies itself.",main/telemetry/telemetry_v2.c:420-425
data.valve.rating,rating,12.3,valve,string,n/a,enum: excellent | good | warning | critical | unknown,Not specified in source,Yes,conditional: OMITTED when the valve has no health record,snapshot,"Valve health rating from the health engine (connection + battery), independent of leak state.",main/telemetry/telemetry_v2.c:446-449
data.valve.rmleak,rmleak,12.6,valve,bool,n/a,true | false,Not specified in source,Yes,conditional: OMITTED when the valve is disconnected,snapshot,"The valve's remote-leak interlock latch. While true the valve refuses to open, and the hub refuses to forward a valve_open command.",main/telemetry/telemetry_v2.c:433; source main/ble_valve/app_ble_valve.c:482; open-refusal main/iothub/app_iothub.c:536-543
data.valve.state,state,12.6,valve,string,n/a,enum: open | closed | unknown | disconnected (unknown = characteristic byte is neither 0 nor 1),Not specified in source,No,always (snapshot only),snapshot,"Valve position. ""disconnected"" is emitted in place of a position when the BLE link is down, so this field mixes position and link state.","main/telemetry/telemetry_v2.c:427-430 (connected), :442 (disconnected)"
data.valve_mac,valve_mac,12.1,commission_summary,string,n/a,"colon-separated MAC, e.g. AA:BB:CC:DD:EE:FF",Not specified in source,Yes,conditional: OMITTED when no valve MAC is provisioned,lifecycle,"Provisioned valve BLE MAC (from NVS, not the live link).",main/telemetry/telemetry_v2.c:344-346
data.valve_state,valve_state,12.6,valve,string,n/a,enum: open | closed | unknown,Not specified in source,No,always (valve events only),valve_event,"Valve position at the moment of a valve event. DIFFERENT PATH from data.valve.state and it never carries ""disconnected"".",main/telemetry/telemetry_v2.c:616-618
gateway,gateway,12.1,hub_identity,object,n/a,n/a,Not specified in source,No,always,cmd_ack; health_event; leak_event; lifecycle; rules_event; snapshot; valve_event,Hub identity + liveness container.,"main/telemetry/telemetry_v2.c:78, :87"
gateway.fw,fw,12.4,hub_runtime,string,n/a,"""1.8.0"" in the working tree (CMakeLists.txt:12); ""0.0.0"" if the descriptor is empty",Not specified in source,No,always,cmd_ack; health_event; leak_event; lifecycle; rules_event; snapshot; valve_event,"Hub firmware version, read at runtime from the ESP-IDF app descriptor (PROJECT_VER). Never a hardcoded string.",main/telemetry/telemetry_v2.c:84; main/telemetry/telemetry_v2.c:50-54; source CMakeLists.txt:12
gateway.id,id,12.1,hub_identity,string,n/a,"""GW-"" + 12 uppercase hex",Not specified in source,No,always,cmd_ack; health_event; leak_event; lifecycle; rules_event; snapshot; valve_event,Immutable hub id derived from the WiFi STA MAC in eFuse. Same string used as the DPS registration id and the MQTT client id.,main/telemetry/telemetry_v2.c:79; derivation main/hub_identity/hub_identity.c:29-37
gateway.name,name,12.1,hub_identity,string,n/a,"free text, max 31 chars (HUB_NAME_MAX_LEN)",Not specified in source,Yes,conditional: OMITTED when the stored name is empty,cmd_ack; health_event; leak_event; lifecycle; rules_event; snapshot; valve_event,"User-assigned hub name from twin desired hub_name or C2D set_hub_name. NOTE the opposite convention on the twin plane, where hub_name is always emitted as """".",main/telemetry/telemetry_v2.c:81-83; twin counterpart main/iothub/app_iothub.c:956
gateway.short_id,short_id,12.1,hub_identity,string,n/a,4 uppercase hex chars,Not specified in source,No,always,cmd_ack; health_event; leak_event; lifecycle; rules_event; snapshot; valve_event,Last 2 bytes of the STA MAC as 4 hex chars. Also the SoftAP SSID suffix (WiFi-Hub-XXXX) the installer matches during setup.,main/telemetry/telemetry_v2.c:80; main/hub_identity/hub_identity.c:33-37
gateway.uptime_s,uptime_s,12.3,hub_runtime,number,seconds,>= 0,Not specified in source,No,always,cmd_ack; health_event; leak_event; lifecycle; rules_event; snapshot; valve_event,"Seconds since boot from the monotonic esp_timer. On an offline-buffer replay this is the ORIGINAL build-time value, possibly from a previous boot.",main/telemetry/telemetry_v2.c:85-86; replay main/offline_buffer/offline_buffer.c:148
schema,schema,12.1,envelope,string,n/a,"Fixed literal ""eflostop.v2""","""eflostop.v2""",No,always,cmd_ack; health_event; leak_event; lifecycle; rules_event; snapshot; valve_event,Wire-contract identifier. Constant; bump signals a breaking payload change.,main/telemetry/telemetry_v2.c:64; constant main/telemetry/telemetry_v2.h:14
ts,ts,12.1,envelope,number,"seconds (Unix epoch, UTC)",>= 1704067200 (2024-01-01T00:00:00Z),Not specified in source,No,always,cmd_ack; health_event; leak_event; lifecycle; rules_event; snapshot; valve_event,"Device wall-clock at message BUILD time. The whole message is destroyed (never sent, never buffered) if ts < 1704067200, so a pre-SNTP leak event is lost permanently.",main/telemetry/telemetry_v2.c:66-76; SNTP gate :70-74; threshold :57
type,type,12.1,envelope,string,n/a,"enum: ""lifecycle"" | ""snapshot"" | ""event""",Not specified in source,No,always,cmd_ack; health_event; leak_event; lifecycle; rules_event; snapshot; valve_event,Envelope discriminator. Tells the backend which `data` shape to expect.,"main/telemetry/telemetry_v2.c:89; values passed at :336, :374, :610, :637, :659, :679, :700"
